window_start_s,window_end_s,mouse_heatmap_r0_c0,mouse_heatmap_r0_c1,mouse_heatmap_r0_c2,mouse_heatmap_r0_c3,mouse_heatmap_r0_c4,mouse_heatmap_r0_c5,mouse_heatmap_r0_c6,mouse_heatmap_r0_c7,mouse_heatmap_r0_c8,mouse_heatmap_r0_c9,mouse_heatmap_r0_c10,mouse_heatmap_r0_c11,mouse_heatmap_r0_c12,mouse_heatmap_r0_c13,mouse_heatmap_r0_c14,mouse_heatmap_r0_c15,mouse_heatmap_r1_c0,mouse_heatmap_r1_c1,mouse_heatmap_r1_c2,mouse_heatmap_r1_c3,mouse_heatmap_r1_c4,mouse_heatmap_r1_c5,mouse_heatmap_r1_c6,mouse_heatmap_r1_c7,mouse_heatmap_r1_c8,mouse_heatmap_r1_c9,mouse_heatmap_r1_c10,mouse_heatmap_r1_c11,mouse_heatmap_r1_c12,mouse_heatmap_r1_c13,mouse_heatmap_r1_c14,mouse_heatmap_r1_c15,mouse_heatmap_r2_c0,mouse_heatmap_r2_c1,mouse_heatmap_r2_c2,mouse_heatmap_r2_c3,mouse_heatmap_r2_c4,mouse_heatmap_r2_c5,mouse_heatmap_r2_c6,mouse_heatmap_r2_c7,mouse_heatmap_r2_c8,mouse_heatmap_r2_c9,mouse_heatmap_r2_c10,mouse_heatmap_r2_c11,mouse_heatmap_r2_c12,mouse_heatmap_r2_c13,mouse_heatmap_r2_c14,mouse_heatmap_r2_c15,mouse_heatmap_r3_c0,mouse_heatmap_r3_c1,mouse_heatmap_r3_c2,mouse_heatmap_r3_c3,mouse_heatmap_r3_c4,mouse_heatmap_r3_c5,mouse_heatmap_r3_c6,mouse_heatmap_r3_c7,mouse_heatmap_r3_c8,mouse_heatmap_r3_c9,mouse_heatmap_r3_c10,mouse_heatmap_r3_c11,mouse_heatmap_r3_c12,mouse_heatmap_r3_c13,mouse_heatmap_r3_c14,mouse_heatmap_r3_c15,mouse_heatmap_r4_c0,mouse_heatmap_r4_c1,mouse_heatmap_r4_c2,mouse_heatmap_r4_c3,mouse_heatmap_r4_c4,mouse_heatmap_r4_c5,mouse_heatmap_r4_c6,mouse_heatmap_r4_c7,mouse_heatmap_r4_c8,mouse_heatmap_r4_c9,mouse_heatmap_r4_c10,mouse_heatmap_r4_c11,mouse_heatmap_r4_c12,mouse_heatmap_r4_c13,mouse_heatmap_r4_c14,mouse_heatmap_r4_c15,mouse_heatmap_r5_c0,mouse_heatmap_r5_c1,mouse_heatmap_r5_c2,mouse_heatmap_r5_c3,mouse_heatmap_r5_c4,mouse_heatmap_r5_c5,mouse_heatmap_r5_c6,mouse_heatmap_r5_c7,mouse_heatmap_r5_c8,mouse_heatmap_r5_c9,mouse_heatmap_r5_c10,mouse_heatmap_r5_c11,mouse_heatmap_r5_c12,mouse_heatmap_r5_c13,mouse_heatmap_r5_c14,mouse_heatmap_r5_c15,mouse_heatmap_r6_c0,mouse_heatmap_r6_c1,mouse_heatmap_r6_c2,mouse_heatmap_r6_c3,mouse_heatmap_r6_c4,mouse_heatmap_r6_c5,mouse_heatmap_r6_c6,mouse_heatmap_r6_c7,mouse_heatmap_r6_c8,mouse_heatmap_r6_c9,mouse_heatmap_r6_c10,mouse_heatmap_r6_c11,mouse_heatmap_r6_c12,mouse_heatmap_r6_c13,mouse_heatmap_r6_c14,mouse_heatmap_r6_c15,mouse_heatmap_r7_c0,mouse_heatmap_r7_c1,mouse_heatmap_r7_c2,mouse_heatmap_r7_c3,mouse_heatmap_r7_c4,mouse_heatmap_r7_c5,mouse_heatmap_r7_c6,mouse_heatmap_r7_c7,mouse_heatmap_r7_c8,mouse_heatmap_r7_c9,mouse_heatmap_r7_c10,mouse_heatmap_r7_c11,mouse_heatmap_r7_c12,mouse_heatmap_r7_c13,mouse_heatmap_r7_c14,mouse_heatmap_r7_c15,mouse_heatmap_r8_c0,mouse_heatmap_r8_c1,mouse_heatmap_r8_c2,mouse_heatmap_r8_c3,mouse_heatmap_r8_c4,mouse_heatmap_r8_c5,mouse_heatmap_r8_c6,mouse_heatmap_r8_c7,mouse_heatmap_r8_c8,mouse_heatmap_r8_c9,mouse_heatmap_r8_c10,mouse_heatmap_r8_c11,mouse_heatmap_r8_c12,mouse_heatmap_r8_c13,mouse_heatmap_r8_c14,mouse_heatmap_r8_c15,mouse_avg_speed,mouse_click_pause_mean,mouse_click_pause_std,mouse_left_hold_mean,mouse_left_hold_std,mouse_right_hold_mean,mouse_right_hold_std,key_press_count,key_avg_hold,key_std_hold,key_avg_dd,key_std_dd,key_avg_rp,key_std_rp,key_avg_rr,key_cpm,gui_focus_time,gui_switch_count,gui_unique_apps,gui_window_event_count
0.000,60.000,0.062,0.176,0.254,0.190,0.121,0.190,0.248,0.181,0.127,0.190,0.255,0.172,0.063,0.012,0.003,0.002,0.084,0.250,0.353,0.266,0.175,0.270,0.370,0.288,0.207,0.293,0.365,0.258,0.092,0.024,0.021,0.028,0.061,0.185,0.248,0.194,0.130,0.212,0.306,0.264,0.216,0.273,0.301,0.205,0.078,0.054,0.110,0.158,0.022,0.062,0.088,0.070,0.060,0.108,0.296,0.257,0.233,0.222,0.189,0.111,0.057,0.120,0.312,0.447,0.004,0.011,0.016,0.018,0.034,0.090,0.187,0.680,0.374,0.257,0.174,0.092,0.056,0.166,0.448,0.630,0.000,0.001,0.003,0.008,0.030,0.092,0.189,0.984,0.491,0.295,0.187,0.092,0.048,0.114,0.305,0.440,0.000,0.000,0.001,0.006,0.025,0.074,0.163,0.266,0.291,0.260,0.166,0.077,0.032,0.043,0.111,0.156,0.000,0.000,0.001,0.004,0.015,0.046,0.098,0.160,0.182,0.165,0.100,0.048,0.017,0.011,0.020,0.028,0.000,0.000,0.000,0.002,0.008,0.021,0.048,0.074,0.089,0.074,0.048,0.021,0.007,0.002,0.002,0.003,891.669,0.188,0.111,0.101,0.032,0.113,0.045,85,0.156,0.037,0.698,0.758,0.572,0.740,0.706,85.420,52.566,4,2,10
60.000,120.000,0.062,0.186,0.253,0.190,0.124,0.188,0.259,0.197,0.133,0.204,0.262,0.178,0.063,0.012,0.003,0.003,0.090,0.263,0.370,0.278,0.183,0.279,0.389,0.298,0.208,0.300,0.391,0.256,0.093,0.024,0.022,0.029,0.063,0.175,0.263,0.190,0.132,0.218,0.307,0.273,0.216,0.275,0.303,0.205,0.078,0.052,0.116,0.163,0.023,0.063,0.090,0.074,0.061,0.116,0.197,0.232,0.237,0.236,0.199,0.115,0.060,0.119,0.328,0.467,0.004,0.011,0.018,0.018,0.035,0.089,0.547,0.997,0.382,0.277,0.187,0.091,0.058,0.174,0.452,0.669,0.000,0.001,0.003,0.009,0.032,0.093,0.236,0.501,0.356,0.320,0.196,0.091,0.052,0.121,0.320,0.457,0.000,0.000,0.001,0.007,0.027,0.079,0.167,0.260,0.302,0.264,0.167,0.080,0.034,0.048,0.114,0.166,0.000,0.000,0.001,0.004,0.016,0.050,0.108,0.166,0.193,0.168,0.107,0.050,0.018,0.011,0.021,0.029,0.000,0.000,0.000,0.002,0.008,0.022,0.049,0.078,0.092,0.077,0.048,0.022,0.008,0.002,0.002,0.003,917.322,0.184,0.126,0.097,0.034,0.119,0.040,81,0.151,0.037,0.742,0.764,0.587,0.775,0.755,82.481,40.649,6,2,12
120.000,180.000,0.057,0.164,0.240,0.172,0.121,0.177,0.236,0.183,0.126,0.188,0.240,0.173,0.058,0.011,0.003,0.002,0.081,0.239,0.344,0.248,0.173,0.258,0.359,0.279,0.190,0.273,0.358,0.246,0.086,0.022,0.020,0.026,0.057,0.170,0.241,0.182,0.126,0.200,0.288,0.250,0.197,0.245,0.288,0.184,0.073,0.050,0.108,0.152,0.020,0.058,0.082,0.065,0.055,0.106,0.179,0.216,0.229,0.221,0.185,0.107,0.055,0.116,0.307,0.422,0.004,0.010,0.016,0.017,0.031,0.084,0.171,0.328,0.710,0.257,0.172,0.084,0.055,0.154,0.436,0.593,0.000,0.001,0.003,0.008,0.029,0.082,0.184,0.762,1.000,0.295,0.183,0.086,0.047,0.112,0.295,0.413,0.000,0.000,0.001,0.006,0.025,0.071,0.155,0.250,0.326,0.239,0.153,0.072,0.031,0.044,0.110,0.148,0.000,0.000,0.001,0.004,0.015,0.044,0.100,0.151,0.185,0.152,0.097,0.045,0.017,0.011,0.019,0.027,0.000,0.000,0.000,0.002,0.007,0.020,0.046,0.071,0.083,0.072,0.045,0.021,0.007,0.002,0.002,0.002,974.771,0.191,0.117,0.103,0.031,0.098,0.046,108,0.144,0.046,0.534,0.598,0.406,0.570,0.555,108.827,33.901,3,2,19
180.000,240.000,0.062,0.183,0.258,0.187,0.129,0.188,0.264,0.202,0.131,0.195,0.265,0.181,0.063,0.012,0.003,0.003,0.090,0.248,0.352,0.274,0.179,0.276,0.376,0.296,0.205,0.298,0.387,0.269,0.095,0.024,0.021,0.029,0.065,0.182,0.251,0.199,0.135,0.212,0.311,0.269,0.217,0.276,0.306,0.202,0.079,0.054,0.115,0.159,0.022,0.064,0.091,0.073,0.061,0.119,0.231,0.300,0.243,0.240,0.195,0.113,0.059,0.124,0.318,0.466,0.004,0.012,0.017,0.019,0.070,0.303,0.700,0.992,0.328,0.272,0.184,0.093,0.058,0.174,0.465,0.636,0.000,0.001,0.003,0.009,0.042,0.161,0.465,0.456,0.358,0.307,0.200,0.093,0.050,0.121,0.328,0.470,0.000,0.000,0.001,0.007,0.027,0.075,0.165,0.262,0.315,0.267,0.168,0.076,0.033,0.048,0.117,0.159,0.000,0.000,0.001,0.004,0.016,0.048,0.106,0.170,0.192,0.163,0.107,0.049,0.018,0.011,0.021,0.028,0.000,0.000,0.000,0.002,0.008,0.023,0.048,0.079,0.090,0.076,0.048,0.022,0.008,0.003,0.002,0.002,937.504,0.211,0.136,0.108,0.028,0.089,0.045,88,0.141,0.041,0.622,0.633,0.479,0.628,0.635,89.855,38.542,4,2,5
240.000,300.000,0.067,0.188,0.276,0.200,0.141,0.210,0.287,0.206,0.143,0.214,0.276,0.194,0.067,0.013,0.003,0.003,0.096,0.279,0.393,0.291,0.195,0.306,0.417,0.408,0.989,0.311,0.408,0.280,0.101,0.026,0.023,0.031,0.069,0.193,0.267,0.213,0.142,0.226,0.327,0.867,0.471,0.282,0.328,0.224,0.085,0.059,0.127,0.175,0.024,0.070,0.098,0.078,0.067,0.126,0.211,0.891,0.964,0.244,0.208,0.125,0.063,0.133,0.352,0.491,0.004,0.013,0.018,0.020,0.037,0.096,0.196,0.641,0.531,0.295,0.192,0.095,0.063,0.182,0.492,0.715,0.000,0.001,0.003,0.009,0.033,0.098,0.211,0.340,0.398,0.334,0.213,0.102,0.055,0.130,0.340,0.494,0.000,0.000,0.001,0.007,0.028,0.083,0.179,0.282,0.336,0.287,0.176,0.084,0.035,0.049,0.124,0.176,0.000,0.000,0.001,0.004,0.017,0.052,0.113,0.176,0.210,0.180,0.114,0.052,0.019,0.012,0.023,0.032,0.000,0.000,0.000,0.002,0.008,0.024,0.053,0.081,0.097,0.084,0.052,0.025,0.008,0.003,0.002,0.003,894.637,0.212,0.127,0.099,0.027,0.114,0.031,89,0.144,0.039,0.692,0.607,0.523,0.607,0.661,90.345,39.332,8,2,10
300.000,360.000,0.065,0.184,0.267,0.199,0.135,0.197,0.280,0.210,0.143,0.202,0.266,0.191,0.069,0.013,0.003,0.003,0.097,0.269,0.382,0.288,0.195,0.288,0.405,0.305,0.214,0.317,0.390,0.272,0.096,0.025,0.023,0.030,0.068,0.191,0.273,0.208,0.143,0.218,0.311,0.351,0.232,0.281,0.319,0.212,0.084,0.056,0.123,0.170,0.024,0.066,0.094,0.076,0.063,0.124,0.324,1.000,0.253,0.252,0.208,0.116,0.060,0.128,0.340,0.488,0.004,0.012,0.018,0.019,0.035,0.095,0.511,0.981,0.680,0.281,0.187,0.095,0.060,0.174,0.493,0.692,0.000,0.001,0.003,0.009,0.033,0.095,0.204,0.327,0.376,0.315,0.200,0.096,0.054,0.131,0.339,0.490,0.000,0.000,0.001,0.007,0.027,0.078,0.179,0.277,0.330,0.269,0.172,0.084,0.035,0.049,0.124,0.165,0.000,0.000,0.001,0.004,0.017,0.052,0.108,0.171,0.208,0.176,0.111,0.050,0.018,0.012,0.022,0.030,0.000,0.000,0.000,0.002,0.008,0.024,0.050,0.082,0.096,0.079,0.051,0.023,0.008,0.003,0.002,0.003,954.692,0.200,0.136,0.105,0.026,0.120,0.045,88,0.155,0.038,0.670,0.742,0.550,0.760,0.674,90.403,54.206,3,2,12
360.000,420.000,0.076,0.212,0.300,0.227,0.154,0.228,0.304,0.239,0.164,0.233,0.310,0.213,0.076,0.015,0.003,0.003,0.106,0.294,0.442,0.322,0.222,0.321,0.460,0.358,0.247,0.355,0.445,0.304,0.112,0.029,0.025,0.035,0.078,0.213,0.301,0.232,0.163,0.260,0.359,0.318,0.260,0.318,0.353,0.234,0.091,0.063,0.137,0.197,0.026,0.075,0.110,0.083,0.073,0.139,0.237,0.274,0.287,0.277,0.236,0.135,0.070,0.148,0.377,0.541,0.005,0.013,0.020,0.153,0.638,0.988,0.389,1.000,0.746,0.324,0.222,0.106,0.069,0.205,0.550,0.788,0.000,0.001,0.003,0.010,0.050,0.105,0.251,0.398,0.430,0.372,0.237,0.107,0.059,0.147,0.392,0.536,0.000,0.000,0.002,0.008,0.031,0.093,0.195,0.315,0.376,0.316,0.199,0.091,0.039,0.055,0.139,0.188,0.000,0.000,0.001,0.005,0.020,0.057,0.124,0.198,0.236,0.204,0.127,0.059,0.021,0.013,0.025,0.034,0.000,0.000,0.000,0.002,0.009,0.027,0.057,0.090,0.105,0.091,0.058,0.026,0.009,0.003,0.003,0.003,927.773,0.186,0.118,0.104,0.031,0.117,0.036,113,0.148,0.042,0.515,0.501,0.381,0.505,0.517,111.322,35.482,6,2,9
420.000,480.000,0.066,0.187,0.258,0.194,0.137,0.203,0.275,0.212,0.137,0.201,0.271,0.189,0.065,0.012,0.003,0.003,0.095,0.264,0.373,0.284,0.195,0.296,0.393,0.306,0.436,0.307,0.406,0.272,0.100,0.024,0.022,0.030,0.066,0.191,0.265,0.202,0.141,0.228,0.309,0.561,0.872,0.277,0.319,0.206,0.081,0.057,0.120,0.174,0.023,0.066,0.096,0.076,0.064,0.124,0.208,0.259,0.993,0.298,0.200,0.115,0.060,0.129,0.335,0.466,0.004,0.012,0.018,0.019,0.034,0.093,0.188,0.326,0.975,0.381,0.193,0.096,0.061,0.181,0.469,0.695,0.000,0.001,0.003,0.009,0.033,0.097,0.200,0.314,0.373,0.324,0.205,0.099,0.053,0.123,0.335,0.465,0.000,0.000,0.001,0.007,0.026,0.079,0.173,0.271,0.328,0.279,0.173,0.082,0.036,0.048,0.121,0.169,0.000,0.000,0.001,0.004,0.017,0.051,0.109,0.176,0.204,0.175,0.107,0.051,0.019,0.012,0.021,0.030,0.000,0.000,0.000,0.002,0.008,0.023,0.049,0.078,0.094,0.079,0.049,0.023,0.008,0.003,0.002,0.003,948.132,0.174,0.120,0.108,0.027,0.134,0.033,98,0.151,0.042,0.609,0.576,0.458,0.573,0.605,97.636,44.216,7,2,8
480.000,540.000,0.065,0.181,0.260,0.189,0.128,0.195,0.266,0.198,0.137,0.195,0.257,0.184,0.064,0.012,0.003,0.003,0.090,0.260,0.366,0.274,0.177,0.284,0.376,0.303,0.211,0.304,0.386,0.263,0.095,0.024,0.022,0.029,0.065,0.186,0.253,0.196,0.138,0.208,0.305,0.263,0.212,0.267,0.304,0.199,0.077,0.054,0.115,0.160,0.022,0.063,0.091,0.070,0.060,0.118,0.196,0.247,0.234,0.236,0.196,0.115,0.061,0.121,0.322,0.448,0.004,0.011,0.018,0.019,0.035,0.091,0.185,0.998,0.699,0.399,0.185,0.094,0.059,0.167,0.447,0.657,0.000,0.001,0.003,0.009,0.031,0.092,0.190,0.696,0.846,0.376,0.199,0.094,0.050,0.126,0.323,0.464,0.000,0.000,0.001,0.007,0.026,0.079,0.168,0.361,0.362,0.266,0.170,0.076,0.033,0.046,0.119,0.166,0.000,0.000,0.001,0.004,0.017,0.050,0.105,0.166,0.198,0.171,0.102,0.050,0.018,0.011,0.021,0.029,0.000,0.000,0.000,0.002,0.008,0.023,0.048,0.077,0.089,0.075,0.048,0.022,0.008,0.003,0.002,0.003,922.010,0.210,0.133,0.099,0.033,0.126,0.044,90,0.142,0.040,0.655,0.614,0.512,0.618,0.655,89.085,47.474,2,2,8
540.000,600.000,0.067,0.192,0.271,0.198,0.134,0.202,0.272,0.202,0.145,0.212,0.265,0.190,0.066,0.013,0.003,0.003,0.097,0.270,0.381,0.288,0.186,0.291,0.398,0.316,0.217,0.304,0.393,0.279,0.097,0.024,0.023,0.030,0.067,0.194,0.272,0.202,0.143,0.224,0.311,0.359,0.235,0.274,0.313,0.210,0.082,0.057,0.124,0.173,0.023,0.069,0.097,0.075,0.064,0.120,0.210,0.988,0.372,0.246,0.200,0.121,0.061,0.126,0.338,0.476,0.004,0.012,0.018,0.020,0.035,0.092,0.214,0.523,0.327,0.284,0.186,0.093,0.060,0.180,0.493,0.672,0.000,0.001,0.003,0.009,0.032,0.096,0.202,0.331,0.386,0.318,0.210,0.096,0.053,0.131,0.332,0.468,0.000,0.000,0.001,0.007,0.028,0.081,0.171,0.271,0.322,0.276,0.171,0.083,0.035,0.050,0.120,0.165,0.000,0.000,0.001,0.004,0.017,0.050,0.109,0.171,0.201,0.173,0.110,0.050,0.018,0.012,0.022,0.030,0.000,0.000,0.000,0.002,0.008,0.023,0.050,0.080,0.094,0.079,0.050,0.024,0.008,0.003,0.002,0.003,899.791,0.185,0.115,0.100,0.030,0.102,0.028,92,0.135,0.044,0.645,0.631,0.533,0.628,0.652,93.344,39.225,10,2,9
600.000,660.000,0.063,0.176,0.253,0.188,0.126,0.190,0.244,0.189,0.131,0.196,0.253,0.178,0.060,0.012,0.003,0.002,0.087,0.240,0.354,0.261,0.173,0.265,0.365,0.282,0.206,0.293,0.370,0.248,0.089,0.023,0.021,0.027,0.062,0.174,0.240,0.182,0.130,0.206,0.289,0.256,0.211,0.263,0.288,0.191,0.077,0.052,0.114,0.153,0.022,0.063,0.090,0.068,0.059,0.113,0.183,0.243,0.365,0.223,0.186,0.108,0.056,0.121,0.318,0.445,0.004,0.011,0.017,0.018,0.032,0.087,0.175,0.562,1.000,0.558,0.178,0.087,0.058,0.167,0.451,0.633,0.000,0.001,0.003,0.008,0.031,0.086,0.184,0.300,0.643,0.586,0.192,0.087,0.050,0.121,0.321,0.431,0.000,0.000,0.001,0.006,0.026,0.075,0.164,0.262,0.306,0.261,0.162,0.075,0.032,0.044,0.113,0.152,0.000,0.000,0.001,0.004,0.016,0.047,0.100,0.162,0.184,0.164,0.104,0.046,0.017,0.011,0.020,0.028,0.000,0.000,0.000,0.002,0.007,0.021,0.047,0.075,0.088,0.074,0.046,0.021,0.007,0.002,0.002,0.002,968.411,0.199,0.133,0.095,0.029,0.122,0.041,75,0.137,0.044,0.748,0.668,0.614,0.662,0.751,77.137,33.841,8,2,14
660.000,720.000,0.065,0.183,0.255,0.190,0.131,0.197,0.262,0.201,0.132,0.202,0.265,0.177,0.066,0.012,0.003,0.003,0.090,0.262,0.358,0.270,0.184,0.279,0.376,0.298,0.211,0.303,0.369,0.261,0.093,0.024,0.022,0.029,0.062,0.180,0.261,0.193,0.133,0.216,0.309,0.271,0.221,0.268,0.303,0.198,0.076,0.053,0.113,0.164,0.023,0.064,0.093,0.072,0.062,0.115,0.243,0.505,0.555,0.229,0.197,0.117,0.059,0.125,0.326,0.447,0.004,0.012,0.017,0.019,0.034,0.087,0.497,1.000,0.863,0.285,0.179,0.092,0.058,0.166,0.473,0.637,0.000,0.001,0.003,0.009,0.032,0.094,0.452,0.578,0.370,0.315,0.198,0.095,0.050,0.125,0.327,0.456,0.000,0.000,0.001,0.007,0.026,0.077,0.243,0.299,0.313,0.260,0.167,0.079,0.034,0.046,0.117,0.166,0.000,0.000,0.001,0.004,0.017,0.049,0.108,0.170,0.191,0.171,0.104,0.049,0.017,0.011,0.021,0.029,0.000,0.000,0.000,0.002,0.008,0.023,0.048,0.078,0.089,0.076,0.048,0.023,0.008,0.003,0.002,0.003,921.104,0.203,0.129,0.100,0.030,0.131,0.057,87,0.149,0.040,0.689,0.652,0.521,0.630,0.692,85.138,35.881,4,2,11
720.000,780.000,0.062,0.184,0.252,0.188,0.125,0.197,0.266,0.201,0.134,0.194,0.267,0.184,0.063,0.012,0.003,0.003,0.090,0.260,0.366,0.277,0.181,0.272,0.390,0.293,0.205,0.304,0.384,0.256,0.094,0.024,0.021,0.029,0.064,0.180,0.251,0.199,0.136,0.208,0.301,0.266,0.211,0.263,0.299,0.207,0.078,0.053,0.115,0.166,0.023,0.064,0.093,0.071,0.062,0.119,0.199,0.244,0.258,0.228,0.197,0.113,0.058,0.123,0.323,0.451,0.004,0.011,0.018,0.018,0.035,0.087,0.191,1.000,0.744,0.282,0.178,0.090,0.059,0.167,0.460,0.656,0.000,0.001,0.003,0.009,0.031,0.091,0.193,0.421,0.767,0.417,0.191,0.093,0.050,0.120,0.326,0.452,0.000,0.000,0.001,0.006,0.026,0.076,0.169,0.271,0.317,0.260,0.171,0.077,0.033,0.047,0.116,0.161,0.000,0.000,0.001,0.004,0.017,0.049,0.107,0.164,0.194,0.168,0.103,0.048,0.018,0.011,0.021,0.029,0.000,0.000,0.000,0.002,0.007,0.023,0.048,0.075,0.091,0.075,0.049,0.022,0.008,0.002,0.002,0.003,913.436,0.188,0.147,0.109,0.027,0.104,0.040,92,0.149,0.044,0.657,0.620,0.486,0.616,0.629,92.490,37.116,6,2,6
780.000,840.000,0.062,0.175,0.252,0.189,0.126,0.193,0.247,0.190,0.133,0.193,0.255,0.182,0.064,0.012,0.003,0.002,0.089,0.248,0.353,0.264,0.178,0.263,0.377,0.290,0.204,0.286,0.376,0.257,0.089,0.023,0.021,0.028,0.060,0.179,0.250,0.185,0.127,0.203,0.288,0.265,0.206,0.256,0.291,0.193,0.075,0.050,0.112,0.157,0.022,0.062,0.087,0.069,0.061,0.114,0.190,0.223,0.231,0.223,0.188,0.112,0.058,0.117,0.316,0.437,0.004,0.011,0.016,0.018,0.034,0.085,0.178,0.281,0.369,0.270,0.177,0.089,0.058,0.159,0.457,0.639,0.000,0.001,0.003,0.009,0.031,0.086,0.190,0.626,0.815,0.591,0.194,0.089,0.048,0.118,0.319,0.443,0.000,0.000,0.001,0.007,0.026,0.076,0.157,0.290,1.000,0.413,0.164,0.075,0.033,0.047,0.115,0.156,0.000,0.000,0.001,0.004,0.016,0.047,0.101,0.159,0.192,0.163,0.100,0.048,0.018,0.011,0.020,0.027,0.000,0.000,0.000,0.002,0.007,0.022,0.047,0.075,0.087,0.074,0.048,0.022,0.008,0.003,0.002,0.003,956.372,0.179,0.124,0.110,0.030,0.107,0.036,90,0.144,0.047,0.659,0.588,0.526,0.618,0.667,87.573,31.937,7,2,10
840.000,900.000,0.070,0.199,0.274,0.211,0.140,0.213,0.289,0.216,0.144,0.211,0.291,0.195,0.068,0.013,0.003,0.003,0.099,0.283,0.389,0.304,0.197,0.311,0.423,0.316,0.225,0.321,0.425,0.280,0.099,0.026,0.023,0.031,0.071,0.197,0.272,0.212,0.146,0.237,0.644,0.352,0.236,0.298,0.330,0.222,0.085,0.058,0.128,0.173,0.024,0.068,0.101,0.080,0.068,0.138,1.000,0.695,0.299,0.255,0.218,0.125,0.066,0.137,0.364,0.514,0.004,0.012,0.019,0.020,0.037,0.096,0.334,0.680,0.795,0.306,0.201,0.100,0.063,0.185,0.490,0.723,0.000,0.001,0.003,0.009,0.033,0.099,0.208,0.345,0.385,0.334,0.211,0.101,0.055,0.133,0.348,0.506,0.000,0.000,0.001,0.007,0.029,0.085,0.178,0.282,0.327,0.285,0.178,0.084,0.037,0.050,0.128,0.179,0.000,0.000,0.001,0.004,0.018,0.053,0.115,0.177,0.207,0.178,0.112,0.053,0.019,0.013,0.022,0.032,0.000,0.000,0.000,0.002,0.008,0.024,0.053,0.083,0.101,0.083,0.052,0.025,0.008,0.003,0.002,0.003,957.006,0.175,0.135,0.104,0.026,0.128,0.039,89,0.141,0.039,0.665,0.770,0.509,0.816,0.659,87.866,39.454,4,2,10
900.000,960.000,0.067,0.189,0.261,0.201,0.132,0.200,0.269,0.212,0.137,0.202,0.265,0.193,0.066,0.012,0.003,0.003,0.094,0.270,0.384,0.287,0.191,0.291,0.404,0.302,0.225,0.315,0.399,0.269,0.097,0.024,0.023,0.030,0.068,0.189,0.263,0.206,0.141,0.225,0.312,0.470,0.749,0.282,0.312,0.215,0.084,0.057,0.120,0.169,0.023,0.065,0.096,0.073,0.062,0.124,0.202,0.451,1.000,0.248,0.209,0.119,0.063,0.128,0.334,0.469,0.004,0.012,0.018,0.019,0.034,0.094,0.187,0.323,0.863,0.286,0.192,0.096,0.060,0.172,0.477,0.663,0.000,0.001,0.003,0.009,0.032,0.093,0.208,0.313,0.375,0.320,0.210,0.094,0.054,0.126,0.332,0.491,0.000,0.000,0.001,0.007,0.027,0.080,0.170,0.272,0.313,0.283,0.175,0.083,0.035,0.048,0.123,0.165,0.000,0.000,0.001,0.004,0.017,0.050,0.110,0.173,0.201,0.174,0.112,0.052,0.019,0.012,0.022,0.030,0.000,0.000,0.000,0.002,0.008,0.023,0.051,0.079,0.095,0.079,0.050,0.023,0.008,0.003,0.002,0.003,881.158,0.169,0.107,0.097,0.029,0.121,0.036,89,0.146,0.044,0.658,0.666,0.522,0.650,0.640,88.517,35.876,4,2,17
960.000,1020.000,0.060,0.174,0.253,0.187,0.121,0.184,0.248,0.195,0.126,0.189,0.250,0.177,0.063,0.012,0.003,0.002,0.085,0.251,0.349,0.254,0.173,0.265,0.362,0.293,0.201,0.279,0.354,0.253,0.092,0.022,0.020,0.027,0.062,0.169,0.253,0.182,0.127,0.211,0.293,0.259,0.245,0.306,0.300,0.195,0.077,0.053,0.115,0.157,0.022,0.060,0.090,0.068,0.061,0.112,0.190,0.230,0.388,0.557,0.311,0.107,0.059,0.116,0.313,0.432,0.004,0.011,0.016,0.018,0.032,0.085,0.175,0.274,1.000,0.275,0.187,0.086,0.056,0.163,0.455,0.616,0.000,0.001,0.003,0.008,0.030,0.086,0.192,0.321,0.650,0.295,0.186,0.089,0.050,0.116,0.322,0.448,0.000,0.000,0.001,0.006,0.025,0.076,0.158,0.250,0.303,0.256,0.164,0.074,0.032,0.044,0.111,0.159,0.000,0.000,0.001,0.004,0.015,0.047,0.099,0.162,0.184,0.157,0.101,0.046,0.018,0.011,0.020,0.028,0.000,0.000,0.000,0.002,0.008,0.021,0.047,0.075,0.088,0.073,0.047,0.022,0.008,0.002,0.002,0.002,945.405,0.157,0.116,0.105,0.030,0.124,0.036,75,0.149,0.038,0.792,0.664,0.640,0.641,0.813,74.526,43.261,5,2,11
1020.000,1080.000,0.062,0.176,0.251,0.186,0.127,0.188,0.262,0.201,0.134,0.198,0.254,0.177,0.066,0.012,0.003,0.003,0.089,0.254,0.354,0.264,0.178,0.285,0.381,0.289,0.208,0.298,0.379,0.270,0.093,0.024,0.021,0.028,0.062,0.183,0.260,0.193,0.138,0.209,0.298,0.269,0.217,0.276,0.303,0.206,0.076,0.055,0.115,0.161,0.022,0.066,0.091,0.074,0.063,0.113,0.202,0.296,0.234,0.230,0.198,0.115,0.061,0.120,0.332,0.450,0.004,0.011,0.017,0.019,0.034,0.090,0.371,1.000,0.399,0.282,0.182,0.089,0.059,0.174,0.450,0.667,0.000,0.001,0.003,0.009,0.031,0.088,0.200,0.472,0.378,0.309,0.200,0.093,0.053,0.126,0.331,0.453,0.000,0.000,0.001,0.007,0.026,0.076,0.171,0.268,0.311,0.270,0.166,0.076,0.034,0.048,0.114,0.162,0.000,0.000,0.001,0.004,0.016,0.049,0.104,0.168,0.190,0.167,0.103,0.049,0.017,0.011,0.021,0.028,0.000,0.000,0.000,0.002,0.008,0.023,0.050,0.076,0.090,0.076,0.048,0.023,0.008,0.003,0.002,0.003,912.475,0.175,0.115,0.107,0.028,0.125,0.046,88,0.138,0.040,0.674,0.823,0.539,0.799,0.696,86.875,33.319,4,2,6
1080.000,1140.000,0.076,0.228,0.308,0.232,0.154,0.240,0.323,0.251,0.168,0.251,0.315,0.222,0.078,0.015,0.003,0.003,0.113,0.322,0.457,0.331,0.229,0.343,0.472,0.359,0.267,0.375,0.474,0.325,0.115,0.028,0.027,0.035,0.077,0.220,0.308,0.235,0.167,0.261,0.368,0.332,0.275,0.334,0.383,0.248,0.094,0.065,0.145,0.205,0.028,0.080,0.115,0.088,0.076,0.220,0.259,0.286,0.294,0.293,0.243,0.143,0.075,0.149,0.395,0.567,0.005,0.014,0.021,0.023,0.043,1.000,0.829,0.592,0.571,0.336,0.225,0.113,0.072,0.210,0.580,0.816,0.000,0.001,0.003,0.011,0.038,0.126,0.376,0.485,0.629,0.375,0.244,0.112,0.063,0.149,0.404,0.570,0.000,0.000,0.002,0.008,0.033,0.095,0.204,0.323,0.388,0.318,0.210,0.098,0.042,0.059,0.141,0.198,0.000,0.000,0.001,0.005,0.021,0.061,0.129,0.208,0.244,0.211,0.129,0.061,0.023,0.014,0.026,0.035,0.000,0.000,0.000,0.002,0.010,0.028,0.058,0.093,0.109,0.093,0.061,0.027,0.010,0.003,0.003,0.003,950.720,0.190,0.129,0.098,0.029,0.139,0.050,95,0.150,0.042,0.624,0.531,0.463,0.550,0.625,96.272,30.982,5,2,17
1140.000,1200.000,0.061,0.171,0.253,0.184,0.126,0.188,0.259,0.188,0.127,0.192,0.251,0.174,0.064,0.012,0.003,0.002,0.086,0.240,0.343,0.262,0.172,0.261,0.363,0.290,0.204,0.289,0.372,0.247,0.088,0.023,0.020,0.027,0.060,0.169,0.247,0.185,0.129,0.203,0.292,0.258,0.212,0.264,0.297,0.193,0.077,0.051,0.109,0.156,0.021,0.061,0.089,0.067,0.060,0.111,0.185,0.270,0.385,0.220,0.189,0.107,0.058,0.118,0.314,0.434,0.004,0.011,0.016,0.018,0.032,0.086,0.180,0.963,1.000,0.276,0.176,0.089,0.057,0.161,0.440,0.632,0.000,0.001,0.003,0.008,0.029,0.090,0.188,0.592,0.625,0.299,0.189,0.091,0.050,0.115,0.309,0.442,0.000,0.000,0.001,0.006,0.025,0.072,0.158,0.261,0.292,0.256,0.158,0.074,0.032,0.045,0.112,0.153,0.000,0.000,0.001,0.004,0.016,0.047,0.100,0.159,0.189,0.156,0.100,0.047,0.017,0.010,0.021,0.027,0.000,0.000,0.000,0.002,0.007,0.021,0.046,0.073,0.088,0.075,0.047,0.022,0.007,0.002,0.002,0.003,971.241,0.213,0.135,0.092,0.032,0.138,0.031,95,0.147,0.036,0.640,0.816,0.474,0.825,0.636,94.416,37.375,8,2,7
1200.000,1260.000,0.073,0.205,0.284,0.221,0.140,0.215,0.299,0.221,0.154,0.222,0.301,0.209,0.072,0.013,0.003,0.003,0.099,0.292,0.405,0.304,0.205,0.307,0.428,0.333,0.230,0.331,0.431,0.300,0.104,0.027,0.024,0.032,0.072,0.204,0.285,0.224,0.154,0.239,0.340,0.301,0.247,0.300,0.347,0.223,0.087,0.058,0.130,0.187,0.025,0.071,0.102,0.083,0.071,0.132,0.302,0.894,0.273,0.260,0.215,0.125,0.065,0.137,0.368,0.512,0.004,0.013,0.019,0.021,0.039,0.101,0.494,0.581,0.450,0.320,0.209,0.103,0.065,0.195,0.518,0.710,0.000,0.001,0.003,0.010,0.035,0.104,0.356,0.485,0.402,0.352,0.218,0.104,0.057,0.133,0.374,0.522,0.000,0.000,0.001,0.008,0.030,0.086,1.000,0.704,0.354,0.290,0.187,0.090,0.037,0.052,0.133,0.177,0.000,0.000,0.001,0.005,0.019,0.054,0.143,0.200,0.217,0.193,0.116,0.055,0.020,0.013,0.024,0.031,0.000,0.000,0.000,0.002,0.008,0.025,0.054,0.089,0.104,0.085,0.054,0.026,0.009,0.003,0.002,0.003,964.509,0.195,0.123,0.105,0.037,0.136,0.044,96,0.142,0.041,0.630,0.653,0.473,0.646,0.617,98.425,56.184,2,2,10
1260.000,1320.000,0.063,0.182,0.260,0.188,0.127,0.197,0.268,0.203,0.134,0.194,0.261,0.178,0.064,0.012,0.003,0.003,0.089,0.259,0.368,0.265,0.184,0.271,0.372,0.305,0.210,0.304,0.369,0.260,0.094,0.024,0.022,0.029,0.064,0.185,0.255,0.192,0.139,0.211,0.306,0.277,0.212,0.273,0.312,0.201,0.080,0.055,0.119,0.163,0.022,0.065,0.093,0.070,0.061,0.134,0.459,0.436,0.247,0.234,0.198,0.112,0.059,0.121,0.331,0.456,0.004,0.011,0.017,0.018,0.038,0.395,0.316,0.995,0.319,0.275,0.179,0.092,0.058,0.169,0.447,0.657,0.000,0.001,0.003,0.009,0.031,0.109,0.195,0.315,0.362,0.308,0.191,0.092,0.052,0.120,0.321,0.464,0.000,0.000,0.001,0.007,0.026,0.076,0.165,0.267,0.302,0.263,0.170,0.079,0.033,0.046,0.116,0.160,0.000,0.000,0.001,0.004,0.017,0.049,0.107,0.171,0.191,0.163,0.104,0.048,0.018,0.011,0.021,0.028,0.000,0.000,0.000,0.002,0.007,0.022,0.049,0.076,0.092,0.079,0.047,0.022,0.008,0.003,0.002,0.003,955.585,0.184,0.138,0.103,0.030,0.132,0.033,89,0.158,0.043,0.667,0.592,0.513,0.613,0.700,90.919,30.867,5,2,13
1320.000,1380.000,0.061,0.177,0.256,0.187,0.126,0.185,0.256,0.192,0.129,0.190,0.249,0.181,0.063,0.012,0.003,0.002,0.089,0.248,0.352,0.258,0.176,0.266,0.381,0.290,0.206,0.290,0.360,0.251,0.090,0.024,0.022,0.027,0.060,0.171,0.257,0.194,0.128,0.204,0.305,0.268,0.283,0.541,0.979,0.607,0.076,0.051,0.115,0.158,0.022,0.061,0.091,0.070,0.060,0.110,0.191,0.228,0.365,0.397,0.250,0.196,0.058,0.122,0.315,0.444,0.004,0.011,0.016,0.018,0.033,0.085,0.179,0.304,0.906,0.426,0.180,0.087,0.058,0.167,0.436,0.620,0.000,0.001,0.003,0.008,0.030,0.087,0.190,0.305,0.362,0.299,0.192,0.090,0.049,0.118,0.325,0.453,0.000,0.000,0.001,0.007,0.025,0.073,0.158,0.251,0.308,0.262,0.158,0.076,0.033,0.046,0.111,0.157,0.000,0.000,0.001,0.004,0.016,0.048,0.104,0.159,0.186,0.158,0.102,0.046,0.017,0.011,0.020,0.027,0.000,0.000,0.000,0.002,0.008,0.022,0.046,0.076,0.088,0.073,0.046,0.022,0.008,0.003,0.002,0.003,974.132,0.196,0.134,0.101,0.035,0.114,0.039,89,0.140,0.043,0.646,0.656,0.521,0.655,0.633,86.533,36.617,7,2,11
1380.000,1440.000,0.063,0.181,0.252,0.189,0.124,0.189,0.259,0.198,0.137,0.201,0.265,0.191,0.065,0.012,0.003,0.003,0.090,0.252,0.358,0.278,0.184,0.276,0.377,0.291,0.207,0.310,0.384,0.264,0.094,0.023,0.022,0.029,0.066,0.179,0.262,0.198,0.134,0.214,0.300,0.260,0.218,0.269,0.306,0.199,0.079,0.053,0.116,0.169,0.023,0.064,0.093,0.070,0.063,0.112,0.200,0.233,0.243,0.234,0.202,0.113,0.058,0.124,0.324,0.457,0.004,0.011,0.017,0.019,0.035,0.092,0.322,0.968,0.507,0.272,0.180,0.089,0.057,0.165,0.447,0.678,0.000,0.001,0.003,0.009,0.031,0.092,0.278,0.486,0.824,0.311,0.193,0.090,0.053,0.122,0.327,0.459,0.000,0.000,0.001,0.006,0.025,0.074,0.166,0.264,0.300,0.260,0.165,0.078,0.034,0.046,0.113,0.159,0.000,0.000,0.001,0.004,0.017,0.048,0.106,0.164,0.198,0.167,0.107,0.048,0.018,0.011,0.021,0.028,0.000,0.000,0.000,0.002,0.008,0.022,0.048,0.075,0.092,0.079,0.050,0.022,0.008,0.002,0.002,0.003,957.019,0.181,0.121,0.098,0.037,0.129,0.036,77,0.144,0.043,0.739,0.686,0.610,0.629,0.759,74.809,50.526,5,2,8
1440.000,1500.000,0.065,0.185,0.259,0.196,0.124,0.192,0.253,0.205,0.130,0.200,0.248,0.185,0.064,0.012,0.003,0.003,0.092,0.254,0.353,0.265,0.176,0.271,0.400,0.304,0.216,0.295,0.392,0.259,0.090,0.024,0.023,0.028,0.064,0.178,0.246,0.190,0.137,0.221,0.304,0.264,0.215,0.274,0.300,0.202,0.078,0.054,0.117,0.167,0.023,0.067,0.094,0.076,0.061,0.116,0.207,0.246,0.859,0.250,0.190,0.116,0.058,0.116,0.330,0.435,0.004,0.012,0.016,0.019,0.033,0.086,0.209,0.988,0.819,0.346,0.175,0.094,0.061,0.168,0.454,0.672,0.000,0.001,0.003,0.009,0.031,0.090,0.192,0.321,0.470,0.390,0.196,0.094,0.051,0.121,0.325,0.443,0.000,0.000,0.001,0.006,0.027,0.077,0.160,0.275,0.562,0.529,0.169,0.076,0.034,0.046,0.119,0.168,0.000,0.000,0.001,0.004,0.016,0.048,0.106,0.170,0.198,0.172,0.106,0.051,0.017,0.012,0.020,0.028,0.000,0.000,0.000,0.002,0.007,0.021,0.051,0.073,0.091,0.077,0.050,0.023,0.008,0.003,0.002,0.003,942.551,0.164,0.123,0.101,0.030,0.135,0.038,85,0.141,0.039,0.747,0.677,0.560,0.639,0.746,83.417,31.820,5,2,13
1500.000,1560.000,0.072,0.199,0.282,0.215,0.144,0.212,0.286,0.213,0.145,0.214,0.294,0.198,0.071,0.013,0.003,0.003,0.099,0.282,0.406,0.298,0.204,0.307,0.425,0.324,0.238,0.323,0.415,0.296,0.102,0.026,0.025,0.032,0.071,0.194,0.278,0.210,0.148,0.243,0.334,0.294,0.239,0.291,0.339,0.226,0.086,0.058,0.128,0.183,0.025,0.069,0.103,0.077,0.068,0.127,0.214,0.285,0.272,0.257,0.218,0.125,0.065,0.135,0.365,0.511,0.004,0.013,0.019,0.020,0.038,0.101,0.983,0.458,0.350,0.310,0.204,0.102,0.063,0.183,0.517,0.732,0.000,0.001,0.003,0.010,0.034,0.103,0.512,0.336,0.409,0.350,0.221,0.103,0.058,0.133,0.359,0.516,0.000,0.000,0.001,0.007,0.028,0.083,0.604,0.591,0.347,0.297,0.187,0.088,0.036,0.052,0.125,0.182,0.000,0.000,0.001,0.005,0.019,0.054,0.142,0.329,0.217,0.180,0.116,0.055,0.020,0.012,0.023,0.033,0.000,0.000,0.000,0.002,0.009,0.025,0.055,0.085,0.098,0.084,0.052,0.025,0.009,0.003,0.002,0.003,964.482,0.191,0.131,0.101,0.031,0.097,0.039,94,0.153,0.043,0.621,0.657,0.498,0.660,0.625,95.013,37.079,5,2,9
1560.000,1620.000,0.066,0.180,0.260,0.185,0.133,0.194,0.257,0.197,0.136,0.195,0.259,0.193,0.065,0.012,0.003,0.144,0.091,0.261,0.363,0.276,0.192,0.286,0.380,0.299,0.213,0.298,0.373,0.258,0.098,0.024,0.090,0.168,0.065,0.176,0.259,0.198,0.137,0.223,0.338,0.970,0.224,0.270,0.317,0.203,0.079,0.053,0.186,0.237,0.023,0.063,0.090,0.073,0.060,0.260,0.213,0.877,0.402,0.240,0.263,0.115,0.060,0.193,0.391,0.542,0.004,0.012,0.017,0.019,0.035,0.158,0.252,0.588,0.604,0.339,0.249,0.094,0.059,0.234,0.453,0.725,0.000,0.001,0.003,0.009,0.032,0.093,0.330,0.493,0.766,0.313,0.269,0.092,0.051,0.188,0.404,0.624,0.000,0.000,0.001,0.007,0.027,0.077,0.233,0.412,0.319,0.257,0.231,0.076,0.032,0.046,0.334,0.373,0.000,0.000,0.001,0.004,0.016,0.051,0.102,0.169,0.192,0.177,0.108,0.048,0.018,0.011,0.021,0.369,0.000,0.000,0.000,0.002,0.008,0.023,0.047,0.078,0.092,0.079,0.047,0.023,0.008,0.003,0.002,0.145,890.472,0.190,0.117,0.092,0.035,0.123,0.039,90,0.137,0.040,0.658,0.660,0.512,0.674,0.654,86.028,30.757,4,2,15
1620.000,1680.000,0.066,0.178,0.261,0.189,0.131,0.208,0.259,0.199,0.133,0.196,0.265,0.187,0.066,0.012,0.003,0.003,0.088,0.256,0.358,0.271,0.179,0.305,0.660,0.546,0.425,0.307,0.383,0.264,0.096,0.024,0.021,0.164,0.064,0.180,0.266,0.194,0.138,0.222,0.551,1.000,0.780,0.275,0.314,0.201,0.078,0.053,0.116,0.231,0.023,0.066,0.091,0.073,0.062,0.114,0.201,0.738,0.277,0.240,0.199,0.112,0.060,0.125,0.332,0.542,0.004,0.012,0.017,0.019,0.034,0.092,0.179,0.895,0.366,0.288,0.188,0.089,0.059,0.310,0.473,0.718,0.000,0.001,0.003,0.009,0.031,0.093,0.199,0.445,0.441,0.389,0.262,0.091,0.051,0.125,0.407,0.522,0.000,0.000,0.001,0.007,0.026,0.079,0.171,0.270,0.378,0.337,0.164,0.080,0.034,0.115,0.251,0.297,0.000,0.000,0.001,0.004,0.017,0.048,0.109,0.171,0.196,0.245,0.172,0.050,0.018,0.011,0.162,0.098,0.000,0.000,0.000,0.002,0.008,0.022,0.050,0.078,0.090,0.079,0.049,0.023,0.008,0.003,0.002,0.003,932.368,0.193,0.114,0.094,0.033,0.121,0.037,114,0.148,0.042,0.518,0.570,0.372,0.551,0.507,113.413,53.690,5,2,12
1680.000,1740.000,0.063,0.183,0.257,0.189,0.128,0.189,0.263,0.203,0.132,0.201,0.262,0.184,0.065,0.012,0.003,0.003,0.088,0.262,0.372,0.278,0.178,0.281,0.383,0.304,0.264,0.298,0.372,0.261,0.096,0.024,0.021,0.028,0.063,0.181,0.258,0.191,0.135,0.212,0.310,0.274,0.448,0.265,0.312,0.198,0.078,0.054,0.113,0.159,0.023,0.064,0.092,0.070,0.131,0.189,0.267,0.362,0.507,0.240,0.201,0.113,0.060,0.122,0.335,0.455,0.004,0.011,0.017,0.019,0.107,0.291,0.247,1.000,0.820,0.279,0.186,0.160,0.057,0.167,0.455,0.655,0.000,0.001,0.003,0.009,0.031,0.229,0.265,0.441,0.391,0.308,0.273,0.165,0.050,0.121,0.325,0.446,0.000,0.000,0.001,0.007,0.026,0.150,0.240,0.257,0.303,0.267,0.165,0.152,0.032,0.047,0.118,0.160,0.000,0.000,0.001,0.004,0.017,0.048,0.106,0.169,0.200,0.168,0.104,0.049,0.018,0.011,0.021,0.029,0.000,0.000,0.000,0.002,0.008,0.022,0.048,0.079,0.090,0.076,0.048,0.022,0.008,0.003,0.002,0.003,950.651,0.176,0.123,0.106,0.026,0.103,0.046,75,0.150,0.044,0.795,0.683,0.638,0.676,0.782,74.938,46.580,3,2,12
1740.000,1800.000,0.133,0.322,0.326,0.262,0.126,0.189,0.269,0.196,0.139,0.200,0.256,0.182,0.065,0.012,0.003,0.003,0.159,0.384,0.499,0.402,0.386,0.284,0.389,0.298,0.212,0.297,0.375,0.257,0.092,0.024,0.022,0.029,0.065,0.320,0.262,0.188,0.135,0.221,0.300,0.272,0.215,0.273,0.301,0.203,0.080,0.054,0.115,0.159,0.023,0.062,0.089,0.073,0.062,0.115,0.195,0.292,0.244,0.237,0.196,0.112,0.059,0.122,0.332,0.460,0.004,0.011,0.017,0.019,0.033,0.142,0.740,0.998,0.482,0.279,0.180,0.093,0.060,0.173,0.467,0.660,0.000,0.001,0.003,0.009,0.031,0.092,0.204,0.767,0.354,0.308,0.191,0.092,0.051,0.125,0.324,0.471,0.000,0.000,0.001,0.007,0.027,0.076,0.167,0.271,0.302,0.265,0.165,0.080,0.033,0.047,0.118,0.161,0.000,0.000,0.001,0.004,0.017,0.048,0.108,0.167,0.199,0.167,0.104,0.049,0.018,0.011,0.021,0.028,0.000,0.000,0.000,0.002,0.008,0.022,0.049,0.075,0.091,0.075,0.050,0.022,0.008,0.003,0.002,0.003,940.520,0.172,0.122,0.109,0.034,0.158,0.037,92,0.157,0.047,0.660,0.698,0.508,0.670,0.664,91.166,37.970,7,2,15
1800.000,1860.000,0.201,0.323,0.401,0.261,0.125,0.196,0.254,0.192,0.131,0.201,0.254,0.180,0.066,0.012,0.003,0.003,0.295,0.259,0.490,0.405,0.184,0.356,0.370,0.305,0.211,0.305,0.376,0.257,0.096,0.024,0.022,0.029,0.064,0.248,0.320,0.332,0.137,0.211,0.314,0.269,0.224,0.266,0.301,0.202,0.078,0.053,0.119,0.236,0.023,0.066,0.089,0.074,0.062,0.255,0.194,0.245,0.432,0.469,0.199,0.112,0.058,0.125,0.330,0.531,0.004,0.011,0.017,0.019,0.035,0.162,0.187,0.678,0.402,0.970,0.357,0.090,0.058,0.174,0.534,0.670,0.000,0.001,0.003,0.009,0.032,0.091,0.194,0.307,0.366,0.711,0.199,0.095,0.050,0.120,0.394,0.545,0.000,0.000,0.001,0.006,0.026,0.078,0.172,0.272,0.310,0.264,0.168,0.080,0.033,0.048,0.186,0.228,0.000,0.000,0.001,0.004,0.017,0.047,0.107,0.170,0.194,0.170,0.105,0.049,0.018,0.011,0.021,0.169,0.000,0.000,0.000,0.002,0.008,0.023,0.049,0.076,0.090,0.076,0.050,0.022,0.008,0.003,0.002,0.003,946.461,0.188,0.125,0.100,0.031,0.142,0.030,78,0.144,0.049,0.771,0.841,0.637,0.848,0.745,79.152,42.341,10,2,11
1860.000,1920.000,0.205,0.317,0.319,0.328,0.201,0.191,0.271,0.199,0.137,0.199,0.256,0.188,0.066,0.012,0.003,0.003,0.157,0.257,0.427,0.406,0.186,0.287,0.376,0.297,0.218,0.292,0.388,0.272,0.096,0.024,0.022,0.097,0.065,0.180,0.395,0.404,0.139,0.212,0.313,0.270,0.215,0.272,0.300,0.202,0.079,0.053,0.118,0.238,0.022,0.064,0.093,0.073,0.061,0.120,0.201,0.243,0.424,0.314,0.319,0.118,0.059,0.125,0.323,0.477,0.004,0.012,0.017,0.019,0.035,0.087,0.188,0.299,0.597,1.000,0.935,0.091,0.059,0.235,0.465,0.639,0.000,0.001,0.003,0.009,0.032,0.091,0.199,0.320,0.362,0.872,0.632,0.095,0.052,0.123,0.333,0.464,0.000,0.000,0.001,0.007,0.026,0.080,0.166,0.265,0.312,0.268,0.167,0.151,0.034,0.048,0.120,0.235,0.000,0.000,0.001,0.004,0.017,0.049,0.108,0.165,0.197,0.163,0.105,0.050,0.018,0.011,0.020,0.165,0.000,0.000,0.000,0.002,0.008,0.023,0.048,0.079,0.090,0.076,0.048,0.023,0.008,0.003,0.002,0.003,902.645,0.191,0.123,0.104,0.030,0.102,0.033,97,0.148,0.039,0.596,0.643,0.475,0.635,0.595,95.587,31.311,2,2,10
1920.000,1980.000,0.266,0.598,0.392,0.187,0.122,0.185,0.255,0.195,0.131,0.197,0.259,0.173,0.064,0.012,0.003,0.003,0.161,0.254,0.423,0.324,0.247,0.398,0.375,0.281,0.204,0.282,0.368,0.257,0.091,0.023,0.021,0.172,0.062,0.174,0.309,0.253,0.134,0.280,0.290,0.263,0.210,0.263,0.298,0.195,0.076,0.051,0.109,0.293,0.022,0.063,0.088,0.068,0.059,0.111,0.192,0.344,0.702,0.229,0.192,0.112,0.058,0.117,0.311,0.505,0.004,0.011,0.016,0.018,0.034,0.086,0.178,0.908,0.872,0.274,0.182,0.090,0.057,0.162,0.446,0.704,0.000,0.001,0.003,0.008,0.030,0.086,0.190,0.995,0.540,0.296,0.189,0.087,0.048,0.119,0.316,0.599,0.000,0.000,0.001,0.007,0.026,0.075,0.161,0.260,0.291,0.264,0.159,0.076,0.032,0.046,0.110,0.224,0.000,0.000,0.001,0.004,0.016,0.048,0.103,0.157,0.189,0.166,0.101,0.046,0.018,0.011,0.021,0.095,0.000,0.000,0.000,0.002,0.008,0.021,0.046,0.075,0.086,0.074,0.046,0.022,0.008,0.002,0.002,0.003,976.918,0.205,0.149,0.097,0.032,0.140,0.053,88,0.156,0.041,0.653,0.603,0.507,0.606,0.663,89.343,36.881,4,2,8
1980.000,2040.000,0.274,0.191,0.283,0.354,0.137,0.213,0.279,0.219,0.148,0.213,0.289,0.204,0.069,0.013,0.003,0.003,0.164,0.339,0.459,0.444,0.204,0.309,0.423,0.332,0.230,0.325,0.401,0.283,0.105,0.026,0.024,0.032,0.069,0.202,0.349,0.353,0.151,0.237,0.327,0.290,0.238,0.295,0.330,0.224,0.086,0.060,0.130,0.323,0.024,0.070,0.097,0.079,0.134,0.129,0.287,0.405,0.263,0.256,0.215,0.126,0.064,0.133,0.359,0.565,0.004,0.013,0.019,0.020,0.110,0.100,0.268,0.479,0.529,0.306,0.262,0.098,0.064,0.188,0.513,0.830,0.000,0.001,0.003,0.009,0.034,0.168,0.987,0.607,0.473,0.556,0.355,0.176,0.054,0.131,0.349,0.583,0.000,0.000,0.001,0.007,0.029,0.083,0.318,0.596,0.341,0.284,0.177,0.086,0.036,0.052,0.128,0.252,0.000,0.000,0.001,0.005,0.018,0.052,0.111,0.187,0.206,0.186,0.114,0.054,0.020,0.012,0.023,0.173,0.000,0.000,0.000,0.002,0.008,0.024,0.051,0.085,0.099,0.086,0.051,0.024,0.008,0.003,0.002,0.003,940.896,0.216,0.146,0.102,0.027,0.112,0.028,74,0.156,0.043,0.808,0.676,0.677,0.694,0.814,72.647,42.731,8,2,13
2040.000,2100.000,0.210,0.322,0.330,0.257,0.133,0.194,0.257,0.200,0.133,0.205,0.261,0.186,0.065,0.012,0.003,0.003,0.232,0.331,0.429,0.343,0.182,0.279,0.374,0.304,0.209,0.303,0.375,0.264,0.094,0.024,0.022,0.235,0.065,0.182,0.388,0.190,0.210,0.218,0.303,0.280,0.225,0.279,0.300,0.204,0.078,0.053,0.115,0.305,0.023,0.064,0.091,0.074,0.063,0.115,0.276,0.316,0.321,0.314,0.196,0.114,0.059,0.126,0.322,0.589,0.004,0.012,0.017,0.018,0.035,0.156,0.182,0.567,0.489,0.274,0.190,0.091,0.058,0.171,0.459,0.744,0.000,0.001,0.003,0.009,0.031,0.164,0.263,0.838,0.604,0.451,0.348,0.094,0.053,0.120,0.338,0.525,0.000,0.000,0.001,0.007,0.027,0.080,0.412,1.000,0.317,0.266,0.317,0.080,0.034,0.048,0.115,0.233,0.000,0.000,0.001,0.004,0.016,0.048,0.553,0.297,0.198,0.165,0.108,0.048,0.018,0.011,0.021,0.098,0.000,0.000,0.000,0.002,0.008,0.022,0.050,0.076,0.090,0.078,0.050,0.023,0.008,0.003,0.002,0.216,912.915,0.205,0.126,0.104,0.029,0.112,0.041,93,0.139,0.043,0.639,0.622,0.513,0.632,0.636,91.177,38.222,7,2,13
2100.000,2160.000,0.345,0.312,0.251,0.330,0.132,0.190,0.261,0.198,0.135,0.198,0.267,0.179,0.064,0.012,0.003,0.003,0.235,0.469,0.427,0.341,0.181,0.283,0.380,0.305,0.211,0.300,0.386,0.262,0.096,0.023,0.021,0.234,0.130,0.246,0.333,0.263,0.139,0.213,0.298,0.275,0.213,0.272,0.303,0.200,0.079,0.053,0.255,0.230,0.022,0.063,0.092,0.074,0.060,0.119,0.328,0.398,0.290,0.303,0.261,0.116,0.061,0.120,0.465,0.449,0.004,0.012,0.017,0.018,0.035,0.159,0.271,0.970,0.349,0.343,0.251,0.157,0.204,0.241,0.525,0.662,0.000,0.001,0.003,0.009,0.031,0.160,0.193,0.403,0.689,0.378,0.201,0.091,0.196,0.121,0.459,0.471,0.000,0.000,0.001,0.007,0.026,0.079,0.230,0.280,0.721,0.260,0.170,0.080,0.033,0.118,0.396,0.228,0.000,0.000,0.001,0.004,0.016,0.048,0.104,0.218,0.269,0.170,0.106,0.050,0.018,0.011,0.090,0.096,0.000,0.000,0.000,0.002,0.008,0.022,0.047,0.077,0.090,0.078,0.048,0.023,0.008,0.002,0.002,0.072,974.240,0.188,0.121,0.102,0.030,0.111,0.037,80,0.144,0.042,0.729,0.857,0.566,0.821,0.725,77.933,30.226,3,2,12
2160.000,2220.000,0.063,0.254,0.319,0.253,0.127,0.193,0.254,0.190,0.133,0.189,0.260,0.182,0.062,0.012,0.003,0.002,0.086,0.244,0.354,0.331,0.179,0.326,0.562,0.995,0.232,0.294,0.374,0.257,0.091,0.024,0.021,0.166,0.063,0.176,0.259,0.322,0.297,0.479,0.553,0.682,0.578,0.263,0.307,0.198,0.079,0.051,0.189,0.161,0.023,0.061,0.091,0.068,0.059,0.187,0.187,0.304,0.475,0.234,0.257,0.113,0.057,0.121,0.313,0.449,0.004,0.011,0.017,0.018,0.034,0.153,0.383,0.317,0.406,0.272,0.243,0.162,0.058,0.162,0.457,0.656,0.000,0.001,0.003,0.008,0.030,0.162,0.260,0.304,0.424,0.305,0.198,0.092,0.049,0.120,0.311,0.451,0.000,0.000,0.001,0.007,0.026,0.078,0.165,0.255,0.304,0.321,0.234,0.076,0.032,0.047,0.115,0.229,0.000,0.000,0.001,0.004,0.016,0.047,0.101,0.161,0.195,0.160,0.100,0.046,0.017,0.011,0.020,0.096,0.000,0.000,0.000,0.002,0.007,0.022,0.047,0.075,0.086,0.076,0.046,0.022,0.008,0.003,0.002,0.003,932.037,0.183,0.127,0.093,0.031,0.120,0.055,99,0.138,0.044,0.600,0.569,0.470,0.566,0.594,101.648,50.979,7,2,12
2220.000,2280.000,0.072,0.199,0.294,0.217,0.141,0.214,0.302,0.223,0.152,0.229,0.287,0.205,0.071,0.014,0.003,0.003,0.104,0.282,0.397,0.300,0.203,0.321,0.423,0.329,0.239,0.342,0.425,0.301,0.108,0.027,0.025,0.032,0.071,0.205,0.296,0.221,0.151,0.244,0.336,0.305,0.251,0.310,0.341,0.232,0.087,0.060,0.134,0.184,0.025,0.070,0.105,0.079,0.068,0.134,0.221,0.261,0.267,0.264,0.215,0.127,0.065,0.137,0.368,0.525,0.004,0.013,0.020,0.020,0.038,0.101,0.252,0.857,0.366,0.311,0.207,0.103,0.065,0.188,0.528,0.753,0.000,0.001,0.003,0.010,0.036,0.517,0.666,0.628,0.409,0.343,0.219,0.104,0.057,0.135,0.360,0.525,0.000,0.000,0.001,0.007,0.029,0.384,1.000,0.297,0.346,0.291,0.188,0.086,0.038,0.054,0.131,0.179,0.000,0.000,0.001,0.005,0.019,0.055,0.116,0.187,0.217,0.193,0.119,0.056,0.020,0.013,0.023,0.032,0.000,0.000,0.000,0.002,0.009,0.025,0.055,0.087,0.104,0.087,0.055,0.025,0.009,0.003,0.002,0.003,941.814,0.193,0.133,0.101,0.030,0.133,0.047,89,0.152,0.043,0.662,0.573,0.513,0.555,0.679,86.797,52.219,3,2,10
2280.000,2340.000,0.064,0.178,0.246,0.184,0.123,0.190,0.261,0.195,0.136,0.197,0.262,0.178,0.062,0.012,0.003,0.003,0.091,0.254,0.351,0.275,0.178,0.274,0.381,0.297,0.211,0.296,0.374,0.267,0.095,0.023,0.021,0.028,0.065,0.179,0.247,0.188,0.131,0.213,0.298,0.261,0.214,0.263,0.295,0.202,0.079,0.052,0.111,0.157,0.022,0.064,0.089,0.069,0.060,0.111,0.197,0.235,0.237,0.225,0.188,0.114,0.057,0.122,0.323,0.462,0.004,0.011,0.017,0.019,0.035,0.090,0.182,0.387,0.598,0.274,0.177,0.088,0.056,0.167,0.456,0.629,0.000,0.001,0.003,0.009,0.031,0.092,0.193,0.456,1.000,0.378,0.191,0.090,0.049,0.118,0.323,0.450,0.000,0.000,0.001,0.007,0.026,0.076,0.163,0.953,0.825,0.263,0.160,0.078,0.033,0.047,0.117,0.163,0.000,0.000,0.001,0.004,0.016,0.048,0.106,0.171,0.477,0.167,0.103,0.049,0.018,0.011,0.021,0.028,0.000,0.000,0.000,0.002,0.008,0.022,0.048,0.076,0.088,0.077,0.048,0.023,0.008,0.002,0.002,0.003,985.225,0.186,0.122,0.099,0.031,0.122,0.049,94,0.146,0.043,0.630,0.719,0.476,0.724,0.640,94.683,38.650,12,2,7
2340.000,2400.000,0.062,0.169,0.245,0.192,0.118,0.180,0.261,0.193,0.131,0.192,0.252,0.178,0.062,0.011,0.003,0.003,0.088,0.241,0.347,0.258,0.183,0.271,0.368,0.289,0.204,0.281,0.367,0.250,0.093,0.023,0.021,0.028,0.061,0.167,0.250,0.184,0.126,0.210,0.308,0.258,0.211,0.258,0.292,0.197,0.076,0.053,0.112,0.162,0.022,0.063,0.086,0.069,0.057,0.116,0.193,0.237,0.236,0.224,0.766,0.164,0.054,0.118,0.314,0.463,0.004,0.011,0.016,0.017,0.034,0.083,0.171,0.840,0.502,0.696,0.734,0.197,0.058,0.162,0.456,0.624,0.000,0.001,0.003,0.008,0.031,0.088,0.183,0.287,0.531,0.976,0.185,0.087,0.049,0.113,0.318,0.453,0.000,0.000,0.001,0.006,0.025,0.077,0.168,0.257,0.294,0.255,0.162,0.074,0.031,0.045,0.113,0.156,0.000,0.000,0.001,0.004,0.016,0.049,0.102,0.169,0.183,0.162,0.102,0.047,0.017,0.011,0.020,0.026,0.000,0.000,0.000,0.002,0.007,0.022,0.047,0.074,0.085,0.073,0.047,0.021,0.007,0.002,0.002,0.003,871.465,0.190,0.122,0.105,0.029,0.129,0.029,93,0.142,0.044,0.635,0.581,0.511,0.593,0.620,91.969,43.589,10,2,10
2400.000,2460.000,0.068,0.188,0.273,0.197,0.135,0.197,0.268,0.209,0.140,0.210,0.276,0.185,0.068,0.013,0.003,0.003,0.092,0.269,0.372,0.276,0.191,0.294,0.392,0.307,0.224,0.306,0.405,0.270,0.098,0.025,0.022,0.029,0.065,0.192,0.269,0.202,0.144,0.226,0.319,0.285,0.221,0.277,0.319,0.209,0.081,0.056,0.122,0.174,0.023,0.066,0.096,0.074,0.063,0.123,0.208,0.247,0.502,0.998,0.412,0.119,0.062,0.129,0.335,0.472,0.004,0.012,0.018,0.019,0.035,0.090,0.195,0.322,0.579,0.988,0.280,0.093,0.060,0.182,0.482,0.697,0.000,0.001,0.003,0.009,0.032,0.096,0.208,0.331,0.372,0.319,0.201,0.098,0.054,0.128,0.348,0.476,0.000,0.000,0.001,0.007,0.027,0.081,0.173,0.274,0.324,0.271,0.174,0.080,0.035,0.050,0.125,0.169,0.000,0.000,0.001,0.004,0.018,0.052,0.110,0.175,0.207,0.178,0.111,0.051,0.019,0.012,0.022,0.031,0.000,0.000,0.000,0.002,0.008,0.024,0.051,0.082,0.092,0.083,0.049,0.024,0.008,0.003,0.002,0.003,905.011,0.205,0.111,0.107,0.031,0.112,0.029,73,0.149,0.042,0.827,0.662,0.689,0.690,0.819,72.949,30.640,7,2,9
2460.000,2520.000,0.066,0.189,0.275,0.203,0.138,0.205,0.271,0.465,0.589,0.214,0.270,0.194,0.068,0.012,0.003,0.003,0.095,0.275,0.392,0.283,0.195,0.290,0.403,0.492,0.749,0.315,0.400,0.286,0.100,0.025,0.023,0.030,0.068,0.196,0.269,0.203,0.142,0.228,0.331,0.412,0.980,0.308,0.315,0.222,0.084,0.056,0.121,0.169,0.024,0.068,0.096,0.078,0.065,0.122,0.205,0.298,0.596,0.249,0.204,0.125,0.061,0.133,0.348,0.495,0.004,0.012,0.018,0.019,0.037,0.093,0.191,0.396,0.418,0.299,0.200,0.094,0.061,0.175,0.476,0.679,0.000,0.001,0.003,0.009,0.033,0.098,0.214,0.333,0.381,0.323,0.204,0.097,0.056,0.133,0.348,0.477,0.000,0.000,0.001,0.007,0.028,0.084,0.177,0.279,0.320,0.282,0.173,0.082,0.036,0.051,0.122,0.177,0.000,0.000,0.001,0.004,0.018,0.051,0.112,0.176,0.205,0.180,0.109,0.053,0.019,0.012,0.022,0.030,0.000,0.000,0.000,0.002,0.008,0.024,0.051,0.083,0.096,0.080,0.051,0.024,0.008,0.003,0.002,0.003,958.616,0.219,0.147,0.099,0.029,0.117,0.030,103,0.149,0.046,0.589,0.570,0.427,0.581,0.596,104.064,32.880,9,2,9
2520.000,2580.000,0.063,0.174,0.248,0.185,0.121,0.185,0.254,0.193,0.133,0.190,0.256,0.179,0.061,0.012,0.003,0.002,0.088,0.249,0.357,0.260,0.178,0.273,0.361,0.281,0.208,0.287,0.359,0.249,0.088,0.023,0.021,0.027,0.063,0.170,0.249,0.183,0.127,0.202,0.296,0.258,0.205,0.255,0.291,0.192,0.074,0.052,0.109,0.156,0.021,0.063,0.087,0.070,0.059,0.115,0.233,0.393,0.243,0.232,0.194,0.107,0.057,0.120,0.305,0.441,0.004,0.011,0.017,0.018,0.033,0.083,0.173,0.681,1.000,0.270,0.173,0.087,0.056,0.158,0.431,0.615,0.000,0.001,0.003,0.008,0.030,0.090,0.186,0.307,0.358,0.305,0.186,0.088,0.050,0.117,0.321,0.442,0.000,0.000,0.001,0.006,0.025,0.073,0.162,0.256,0.292,0.253,0.158,0.076,0.031,0.046,0.109,0.155,0.000,0.000,0.001,0.004,0.016,0.046,0.101,0.160,0.193,0.158,0.101,0.047,0.017,0.011,0.020,0.027,0.000,0.000,0.000,0.002,0.007,0.021,0.048,0.075,0.085,0.074,0.047,0.021,0.007,0.002,0.002,0.002,894.264,0.184,0.156,0.099,0.026,0.115,0.038,96,0.147,0.047,0.624,0.508,0.482,0.528,0.635,98.798,32.528,7,2,10
2580.000,2640.000,0.069,0.202,0.274,0.208,0.138,0.211,0.287,0.214,0.146,0.214,0.287,0.197,0.071,0.013,0.003,0.003,0.101,0.281,0.397,0.289,0.199,0.299,0.402,0.325,0.235,0.323,0.405,0.285,0.099,0.026,0.023,0.031,0.071,0.202,0.275,0.212,0.147,0.239,0.335,0.285,0.230,0.301,0.326,0.221,0.087,0.058,0.125,0.171,0.025,0.068,0.099,0.079,0.066,0.395,0.994,0.928,0.253,0.257,0.216,0.127,0.066,0.135,0.349,0.506,0.004,0.012,0.018,0.020,0.037,0.096,0.714,0.490,0.430,0.293,0.200,0.102,0.065,0.189,0.496,0.725,0.000,0.001,0.003,0.009,0.034,0.099,0.211,0.340,0.386,0.332,0.218,0.101,0.056,0.134,0.351,0.500,0.000,0.000,0.001,0.007,0.029,0.082,0.184,0.290,0.338,0.298,0.186,0.086,0.036,0.052,0.124,0.177,0.000,0.000,0.001,0.004,0.018,0.052,0.116,0.182,0.207,0.184,0.118,0.054,0.020,0.012,0.023,0.032,0.000,0.000,0.000,0.002,0.008,0.024,0.052,0.086,0.097,0.085,0.052,0.024,0.008,0.003,0.002,0.003,916.051,0.207,0.122,0.100,0.037,0.127,0.045,88,0.142,0.036,0.668,0.639,0.519,0.650,0.662,90.257,47.765,7,2,15
2640.000,2700.000,0.060,0.177,0.246,0.185,0.125,0.190,0.254,0.191,0.131,0.192,0.246,0.176,0.062,0.012,0.003,0.002,0.089,0.242,0.359,0.262,0.177,0.277,0.371,0.286,0.207,0.285,0.355,0.254,0.093,0.023,0.021,0.027,0.061,0.171,0.253,0.182,0.127,0.208,0.298,0.260,0.211,0.266,0.297,0.192,0.078,0.051,0.115,0.156,0.021,0.061,0.087,0.068,0.059,0.115,0.185,0.231,0.292,0.227,0.192,0.109,0.056,0.122,0.318,0.456,0.004,0.011,0.017,0.018,0.033,0.085,0.180,0.981,0.977,0.265,0.180,0.087,0.056,0.164,0.455,0.611,0.000,0.001,0.003,0.009,0.030,0.090,0.442,0.926,0.376,0.297,0.192,0.088,0.048,0.119,0.309,0.439,0.000,0.000,0.001,0.006,0.025,0.106,0.727,0.458,0.295,0.260,0.165,0.074,0.033,0.044,0.109,0.157,0.000,0.000,0.001,0.004,0.015,0.046,0.194,0.168,0.190,0.166,0.099,0.047,0.018,0.011,0.021,0.028,0.000,0.000,0.000,0.002,0.007,0.022,0.048,0.072,0.088,0.074,0.046,0.022,0.007,0.002,0.002,0.003,967.028,0.188,0.125,0.103,0.029,0.110,0.049,92,0.144,0.042,0.632,0.610,0.485,0.595,0.648,91.310,37.578,10,2,11
2700.000,2760.000,0.062,0.177,0.252,0.189,0.126,0.185,0.248,0.185,0.131,0.193,0.243,0.171,0.061,0.012,0.003,0.002,0.085,0.251,0.344,0.268,0.175,0.271,0.367,0.289,0.201,0.284,0.356,0.247,0.092,0.022,0.021,0.028,0.060,0.173,0.241,0.190,0.132,0.201,0.331,0.561,0.207,0.265,0.287,0.198,0.073,0.052,0.112,0.155,0.022,0.062,0.087,0.068,0.060,0.115,0.192,0.376,0.327,0.225,0.187,0.113,0.055,0.116,0.309,0.452,0.004,0.011,0.017,0.018,0.033,0.085,0.177,0.378,1.000,0.259,0.179,0.088,0.057,0.166,0.453,0.642,0.000,0.001,0.003,0.009,0.031,0.088,0.191,0.292,0.432,0.293,0.183,0.087,0.048,0.118,0.310,0.432,0.000,0.000,0.001,0.006,0.025,0.075,0.158,0.256,0.293,0.256,0.163,0.073,0.031,0.046,0.114,0.154,0.000,0.000,0.001,0.004,0.016,0.048,0.099,0.162,0.184,0.162,0.099,0.046,0.017,0.011,0.020,0.027,0.000,0.000,0.000,0.002,0.007,0.022,0.047,0.072,0.085,0.075,0.046,0.021,0.007,0.002,0.002,0.002,953.751,0.188,0.134,0.112,0.035,0.125,0.057,90,0.150,0.039,0.638,0.621,0.482,0.622,0.640,91.936,38.260,6,2,6
2760.000,2820.000,0.066,0.179,0.264,0.189,0.131,0.196,0.269,0.198,0.139,0.200,0.259,0.183,0.065,0.012,0.003,0.003,0.093,0.255,0.363,0.279,0.184,0.280,0.374,0.296,0.281,0.428,0.375,0.268,0.096,0.023,0.022,0.030,0.064,0.179,0.254,0.198,0.137,0.212,0.303,0.348,0.434,0.982,0.395,0.203,0.079,0.056,0.114,0.166,0.022,0.066,0.090,0.074,0.063,0.118,0.380,0.483,0.249,0.253,0.202,0.114,0.059,0.122,0.324,0.472,0.004,0.012,0.018,0.018,0.034,0.091,0.189,0.403,0.329,0.285,0.187,0.091,0.060,0.169,0.473,0.639,0.000,0.001,0.003,0.009,0.032,0.091,0.193,0.314,0.370,0.311,0.195,0.094,0.052,0.127,0.329,0.460,0.000,0.000,0.001,0.007,0.026,0.076,0.166,0.272,0.311,0.262,0.169,0.077,0.033,0.048,0.115,0.161,0.000,0.000,0.001,0.004,0.017,0.050,0.109,0.169,0.192,0.170,0.106,0.048,0.018,0.011,0.021,0.028,0.000,0.000,0.000,0.002,0.008,0.023,0.050,0.080,0.090,0.078,0.048,0.022,0.008,0.003,0.002,0.003,961.455,0.212,0.125,0.100,0.028,0.125,0.035,89,0.147,0.043,0.672,0.644,0.514,0.631,0.654,90.144,46.058,9,2,8
2820.000,2880.000,0.060,0.177,0.246,0.185,0.123,0.188,0.259,0.194,0.132,0.196,0.245,0.173,0.063,0.012,0.003,0.002,0.089,0.253,0.346,0.263,0.180,0.270,0.365,0.291,0.201,0.294,0.370,0.251,0.090,0.023,0.021,0.027,0.061,0.172,0.245,0.189,0.126,0.209,0.291,0.252,0.205,0.266,0.293,0.197,0.077,0.051,0.113,0.152,0.022,0.062,0.086,0.067,0.058,0.109,0.186,0.249,0.234,0.254,0.186,0.111,0.057,0.120,0.311,0.449,0.004,0.011,0.017,0.018,0.032,0.085,0.181,0.365,1.000,0.464,0.177,0.087,0.056,0.161,0.438,0.607,0.000,0.001,0.003,0.008,0.030,0.085,0.190,0.301,0.819,0.415,0.186,0.091,0.050,0.116,0.318,0.435,0.000,0.000,0.001,0.006,0.025,0.076,0.157,0.248,0.296,0.255,0.165,0.074,0.032,0.045,0.109,0.156,0.000,0.000,0.001,0.004,0.016,0.047,0.100,0.160,0.186,0.161,0.103,0.047,0.017,0.011,0.020,0.027,0.000,0.000,0.000,0.002,0.007,0.022,0.048,0.073,0.086,0.075,0.046,0.022,0.007,0.002,0.002,0.002,924.758,0.202,0.121,0.102,0.024,0.113,0.052,83,0.151,0.035,0.697,0.719,0.564,0.696,0.685,81.256,40.085,4,2,17
2880.000,2940.000,0.065,0.191,0.270,0.196,0.136,0.196,0.277,0.202,0.142,0.204,0.271,0.187,0.068,0.012,0.003,0.003,0.094,0.262,0.370,0.277,0.194,0.291,0.402,0.316,0.220,0.318,0.390,0.275,0.099,0.025,0.023,0.030,0.065,0.184,0.272,0.204,0.142,0.224,0.315,0.282,0.221,0.285,0.314,0.210,0.082,0.054,0.124,0.165,0.024,0.067,0.097,0.077,0.066,0.123,0.201,0.976,1.000,0.240,0.202,0.115,0.062,0.131,0.338,0.473,0.004,0.012,0.017,0.019,0.035,0.094,0.194,0.842,0.481,0.290,0.196,0.093,0.059,0.174,0.470,0.667,0.000,0.001,0.003,0.009,0.032,0.094,0.210,0.331,0.387,0.318,0.199,0.099,0.053,0.128,0.335,0.477,0.000,0.000,0.001,0.007,0.028,0.081,0.172,0.268,0.315,0.280,0.175,0.082,0.034,0.048,0.120,0.170,0.000,0.000,0.001,0.004,0.017,0.050,0.112,0.178,0.201,0.174,0.109,0.052,0.019,0.012,0.022,0.030,0.000,0.000,0.000,0.002,0.008,0.023,0.051,0.082,0.092,0.081,0.049,0.023,0.008,0.003,0.002,0.003,896.375,0.203,0.130,0.100,0.027,0.112,0.045,83,0.153,0.047,0.688,0.714,0.560,0.734,0.725,85.422,43.642,9,2,10
2940.000,3000.000,0.283,0.325,0.334,0.199,0.125,0.188,0.269,0.207,0.140,0.186,0.258,0.176,0.066,0.012,0.003,0.003,0.091,0.250,0.414,0.257,0.264,0.282,0.387,0.305,0.226,0.291,0.383,0.275,0.092,0.023,0.021,0.029,0.069,0.186,0.251,0.195,0.197,0.209,0.304,0.268,0.242,0.260,0.310,0.202,0.078,0.055,0.118,0.163,0.022,0.064,0.095,0.074,0.062,0.192,0.198,0.252,0.846,0.279,0.194,0.185,0.058,0.118,0.332,0.469,0.004,0.012,0.017,0.018,0.033,0.087,0.181,1.000,0.763,0.290,0.183,0.159,0.060,0.161,0.440,0.682,0.000,0.001,0.003,0.008,0.031,0.092,0.271,0.373,0.361,0.312,0.204,0.161,0.050,0.124,0.330,0.456,0.000,0.000,0.001,0.006,0.026,0.077,0.157,0.274,0.304,0.247,0.162,0.076,0.034,0.046,0.112,0.157,0.000,0.000,0.001,0.004,0.017,0.047,0.105,0.167,0.191,0.164,0.107,0.046,0.018,0.011,0.022,0.028,0.000,0.000,0.000,0.002,0.008,0.022,0.051,0.079,0.095,0.079,0.050,0.021,0.008,0.003,0.002,0.003,967.886,0.231,0.120,0.092,0.028,0.115,0.042,89,0.152,0.047,0.689,0.629,0.493,0.652,0.660,86.913,42.069,4,2,7
3000.000,3060.000,0.063,0.179,0.261,0.196,0.125,0.193,0.265,0.199,0.132,0.192,0.261,0.182,0.063,0.012,0.003,0.003,0.093,0.256,0.373,0.268,0.182,0.275,0.390,0.289,0.205,0.303,0.390,0.270,0.097,0.024,0.022,0.028,0.063,0.176,0.253,0.195,0.137,0.216,0.305,0.265,0.304,0.309,0.313,0.209,0.077,0.054,0.116,0.165,0.023,0.065,0.092,0.070,0.063,0.116,0.199,0.377,0.466,0.828,0.199,0.111,0.059,0.124,0.331,0.447,0.004,0.012,0.018,0.018,0.034,0.090,0.182,0.309,0.585,0.984,0.296,0.088,0.060,0.173,0.461,0.634,0.000,0.001,0.003,0.009,0.031,0.091,0.200,0.305,0.372,0.320,0.191,0.094,0.051,0.126,0.323,0.457,0.000,0.000,0.001,0.007,0.027,0.079,0.166,0.264,0.302,0.260,0.164,0.076,0.034,0.046,0.115,0.160,0.000,0.000,0.001,0.004,0.017,0.047,0.108,0.166,0.195,0.171,0.106,0.048,0.018,0.011,0.021,0.029,0.000,0.000,0.000,0.002,0.008,0.022,0.050,0.079,0.090,0.077,0.048,0.023,0.008,0.003,0.002,0.003,932.946,0.179,0.125,0.101,0.034,0.107,0.029,81,0.142,0.041,0.714,0.584,0.587,0.610,0.726,82.040,37.776,5,2,11
3060.000,3120.000,0.066,0.186,0.262,0.199,0.133,0.206,0.279,0.204,0.144,0.206,0.263,0.194,0.067,0.013,0.003,0.003,0.093,0.261,0.384,0.286,0.190,0.298,0.401,0.313,0.218,0.314,0.394,0.271,0.095,0.025,0.023,0.030,0.066,0.187,0.272,0.197,0.141,0.223,0.326,0.280,0.246,0.281,0.340,0.214,0.081,0.057,0.120,0.165,0.023,0.064,0.096,0.073,0.065,0.122,0.202,0.271,0.980,0.500,0.288,0.118,0.062,0.127,0.340,0.484,0.004,0.012,0.017,0.020,0.035,0.092,0.185,0.295,0.666,0.350,0.195,0.095,0.060,0.174,0.474,0.689,0.000,0.001,0.003,0.009,0.032,0.096,0.200,0.325,0.377,0.328,0.203,0.094,0.052,0.124,0.332,0.471,0.000,0.000,0.001,0.007,0.027,0.078,0.172,0.282,0.318,0.276,0.179,0.081,0.034,0.049,0.123,0.169,0.000,0.000,0.001,0.004,0.017,0.049,0.107,0.174,0.198,0.174,0.112,0.051,0.019,0.012,0.022,0.030,0.000,0.000,0.000,0.002,0.008,0.023,0.051,0.078,0.096,0.079,0.051,0.024,0.008,0.003,0.002,0.003,966.982,0.179,0.121,0.106,0.031,0.124,0.032,114,0.155,0.039,0.531,0.470,0.369,0.498,0.534,113.274,30.186,4,2,13
3120.000,3180.000,0.058,0.166,0.233,0.177,0.120,0.181,0.238,0.183,0.127,0.184,0.247,0.172,0.059,0.011,0.003,0.002,0.082,0.240,0.326,0.253,0.167,0.257,0.348,0.269,0.197,0.274,0.351,0.242,0.086,0.022,0.020,0.027,0.059,0.165,0.242,0.177,0.124,0.192,0.281,0.254,0.204,0.251,0.281,0.183,0.074,0.050,0.109,0.152,0.021,0.057,0.084,0.066,0.058,0.108,0.185,0.211,0.219,0.214,0.182,0.107,0.056,0.116,0.305,0.419,0.004,0.011,0.015,0.017,0.032,0.083,0.174,0.315,0.366,0.281,0.167,0.082,0.053,0.157,0.415,0.585,0.000,0.001,0.003,0.008,0.029,0.085,0.178,0.394,1.000,0.325,0.177,0.087,0.048,0.114,0.300,0.432,0.000,0.000,0.001,0.006,0.024,0.073,0.157,0.247,0.752,0.261,0.159,0.073,0.031,0.044,0.106,0.150,0.000,0.000,0.001,0.004,0.015,0.044,0.098,0.152,0.218,0.156,0.099,0.044,0.016,0.010,0.019,0.027,0.000,0.000,0.000,0.002,0.007,0.020,0.046,0.070,0.083,0.071,0.043,0.021,0.007,0.002,0.002,0.002,924.541,0.178,0.148,0.099,0.033,0.130,0.037,94,0.149,0.042,0.650,0.716,0.472,0.706,0.629,92.958,34.208,6,2,11
3180.000,3240.000,0.068,0.186,0.259,0.192,0.132,0.189,0.258,0.200,0.138,0.197,0.274,0.178,0.066,0.012,0.003,0.003,0.095,0.256,0.371,0.280,0.187,0.286,0.389,0.296,0.218,0.305,0.384,0.263,0.100,0.025,0.022,0.029,0.066,0.182,0.247,0.199,0.131,0.212,0.308,0.273,0.211,0.263,0.300,0.198,0.079,0.055,0.116,0.161,0.023,0.063,0.090,0.072,0.062,0.117,0.195,0.227,0.243,0.238,0.194,0.112,0.058,0.129,0.341,0.444,0.004,0.012,0.018,0.019,0.035,0.092,0.276,0.694,0.474,0.283,0.182,0.092,0.058,0.170,0.467,0.646,0.000,0.001,0.003,0.009,0.031,0.093,0.474,0.733,0.371,0.317,0.200,0.093,0.053,0.120,0.332,0.458,0.000,0.000,0.001,0.006,0.026,0.077,0.776,1.000,0.308,0.278,0.163,0.076,0.033,0.046,0.116,0.168,0.000,0.000,0.001,0.004,0.016,0.051,0.449,0.259,0.200,0.165,0.106,0.051,0.019,0.011,0.022,0.028,0.000,0.000,0.000,0.002,0.008,0.023,0.049,0.075,0.091,0.078,0.049,0.024,0.008,0.003,0.002,0.003,910.972,0.185,0.110,0.097,0.031,0.140,0.047,100,0.141,0.044,0.597,0.585,0.444,0.571,0.559,102.778,32.181,6,2,14
3240.000,3300.000,0.063,0.177,0.255,0.190,0.127,0.190,0.267,0.193,0.138,0.198,0.253,0.187,0.064,0.012,0.003,0.003,0.090,0.261,0.361,0.279,0.179,0.281,0.388,0.293,0.216,0.301,0.383,0.264,0.095,0.024,0.022,0.028,0.065,0.186,0.249,0.191,0.139,0.211,0.313,0.273,0.214,0.269,0.308,0.202,0.076,0.052,0.117,0.166,0.023,0.062,0.090,0.070,0.060,0.120,0.223,0.689,0.357,0.239,0.199,0.114,0.060,0.123,0.319,0.455,0.004,0.011,0.017,0.018,0.034,0.091,0.298,1.000,0.618,0.271,0.186,0.092,0.060,0.168,0.450,0.667,0.000,0.001,0.003,0.009,0.031,0.089,0.192,0.332,0.395,0.308,0.195,0.091,0.052,0.120,0.329,0.470,0.000,0.000,0.001,0.007,0.026,0.078,0.172,0.261,0.318,0.261,0.165,0.076,0.034,0.047,0.119,0.160,0.000,0.000,0.001,0.004,0.016,0.047,0.104,0.163,0.198,0.169,0.108,0.048,0.017,0.011,0.021,0.028,0.000,0.000,0.000,0.002,0.008,0.023,0.049,0.079,0.092,0.077,0.049,0.022,0.008,0.002,0.002,0.002,956.651,0.211,0.131,0.100,0.027,0.105,0.039,96,0.157,0.042,0.631,0.643,0.457,0.650,0.634,95.359,30.860,7,2,19
3300.000,3360.000,0.134,0.450,0.251,0.190,0.123,0.187,0.251,0.185,0.131,0.187,0.262,0.183,0.063,0.011,0.003,0.002,0.089,0.319,0.346,0.339,0.254,0.275,0.372,0.282,0.202,0.283,0.377,0.261,0.093,0.023,0.021,0.167,0.059,0.174,0.245,0.187,0.134,0.208,0.361,0.322,0.213,0.249,0.294,0.197,0.076,0.126,0.175,0.233,0.021,0.058,0.091,0.069,0.058,0.179,0.191,0.300,0.361,0.298,0.199,0.106,0.056,0.123,0.308,0.508,0.004,0.011,0.016,0.017,0.033,0.157,0.250,0.269,0.455,0.272,0.248,0.088,0.054,0.156,0.446,0.620,0.000,0.001,0.003,0.008,0.030,0.088,0.266,0.370,0.463,0.584,0.489,0.137,0.050,0.118,0.308,0.447,0.000,0.000,0.001,0.006,0.026,0.074,0.161,0.263,0.961,0.670,0.260,0.078,0.031,0.046,0.110,0.158,0.000,0.000,0.001,0.004,0.015,0.048,0.102,0.169,0.201,0.198,0.099,0.046,0.018,0.011,0.020,0.027,0.000,0.000,0.000,0.002,0.007,0.023,0.048,0.075,0.086,0.079,0.046,0.022,0.007,0.002,0.002,0.002,916.086,0.220,0.149,0.103,0.034,0.118,0.030,70,0.149,0.038,0.826,0.760,0.696,0.770,0.858,71.732,32.690,9,2,13
3360.000,3420.000,0.066,0.182,0.264,0.190,0.130,0.190,0.258,0.198,0.139,0.199,0.268,0.180,0.066,0.012,0.003,0.003,0.093,0.255,0.370,0.277,0.189,0.290,0.395,0.303,0.215,0.294,0.390,0.263,0.093,0.024,0.022,0.028,0.064,0.183,0.265,0.199,0.135,0.222,0.313,0.267,0.221,0.279,0.315,0.210,0.081,0.054,0.117,0.167,0.023,0.064,0.094,0.072,0.063,0.117,0.204,0.244,0.237,0.240,0.196,0.117,0.059,0.125,0.339,0.469,0.004,0.011,0.017,0.019,0.034,0.091,0.181,0.560,0.318,0.284,0.189,0.094,0.058,0.174,0.479,0.672,0.000,0.001,0.003,0.009,0.031,0.091,0.198,0.628,0.358,0.324,0.204,0.097,0.051,0.125,0.322,0.477,0.000,0.000,0.001,0.007,0.065,0.265,0.287,1.000,0.306,0.262,0.165,0.078,0.035,0.049,0.118,0.165,0.000,0.000,0.001,0.004,0.017,0.124,0.332,0.254,0.197,0.173,0.110,0.051,0.018,0.012,0.021,0.029,0.000,0.000,0.000,0.002,0.008,0.022,0.049,0.079,0.091,0.080,0.049,0.022,0.008,0.003,0.002,0.003,902.105,0.197,0.120,0.098,0.029,0.117,0.045,93,0.150,0.039,0.627,0.568,0.485,0.551,0.619,94.363,44.322,3,2,12
3420.000,3480.000,0.066,0.191,0.262,0.201,0.131,0.204,0.267,0.212,0.140,0.200,0.278,0.186,0.069,0.013,0.003,0.003,0.091,0.259,0.368,0.278,0.188,0.298,0.403,0.306,0.225,0.309,0.404,0.280,0.098,0.024,0.023,0.030,0.067,0.187,0.261,0.201,0.139,0.226,0.325,0.282,0.227,0.358,0.314,0.214,0.080,0.057,0.119,0.168,0.023,0.066,0.097,0.075,0.062,0.123,0.199,0.354,1.000,0.857,0.300,0.117,0.060,0.130,0.331,0.483,0.004,0.012,0.018,0.020,0.035,0.095,0.190,0.284,0.410,0.288,0.188,0.096,0.061,0.179,0.473,0.695,0.000,0.001,0.003,0.009,0.032,0.097,0.202,0.330,0.366,0.323,0.209,0.099,0.052,0.130,0.332,0.489,0.000,0.000,0.001,0.007,0.027,0.082,0.169,0.276,0.320,0.273,0.169,0.083,0.035,0.050,0.118,0.165,0.000,0.000,0.001,0.004,0.017,0.049,0.110,0.172,0.207,0.169,0.112,0.051,0.018,0.012,0.022,0.029,0.000,0.000,0.000,0.002,0.008,0.024,0.052,0.080,0.093,0.083,0.049,0.023,0.008,0.003,0.002,0.003,960.720,0.174,0.143,0.098,0.028,0.132,0.048,81,0.148,0.044,0.742,0.713,0.564,0.674,0.732,78.968,32.266,5,2,14
3480.000,3540.000,0.136,0.257,0.265,0.192,0.129,0.185,0.263,0.196,0.132,0.192,0.262,0.186,0.199,0.217,0.352,0.277,0.160,0.328,0.362,0.267,0.187,0.278,0.376,0.296,0.210,0.297,0.392,0.257,0.093,0.094,0.160,0.029,0.066,0.185,0.267,0.195,0.128,0.289,0.322,0.269,0.226,0.266,0.321,0.205,0.076,0.055,0.120,0.166,0.022,0.067,0.091,0.075,0.062,0.117,0.275,0.572,0.417,0.235,0.188,0.118,0.060,0.122,0.325,0.457,0.004,0.011,0.018,0.019,0.034,0.089,0.178,0.994,0.920,0.511,0.243,0.091,0.061,0.166,0.440,0.661,0.000,0.001,0.003,0.009,0.031,0.093,0.204,0.345,0.358,0.383,0.327,0.168,0.194,0.185,0.337,0.467,0.000,0.000,0.001,0.007,0.026,0.076,0.167,0.266,0.305,0.263,0.242,0.222,0.034,0.047,0.115,0.170,0.000,0.000,0.001,0.004,0.017,0.047,0.104,0.167,0.200,0.170,0.107,0.050,0.018,0.011,0.021,0.029,0.000,0.000,0.000,0.002,0.008,0.023,0.050,0.074,0.094,0.080,0.047,0.023,0.007,0.003,0.002,0.003,995.084,0.178,0.132,0.100,0.028,0.127,0.039,92,0.166,0.042,0.661,0.698,0.485,0.691,0.642,93.154,35.837,5,2,10
3540.000,3600.000,0.062,0.166,0.244,0.184,0.123,0.185,0.254,0.197,0.126,0.192,0.262,0.178,0.062,0.153,0.142,0.071,0.087,0.251,0.341,0.257,0.178,0.279,0.350,0.283,0.211,0.289,0.363,0.386,0.089,0.093,0.092,0.099,0.060,0.172,0.240,0.190,0.126,0.211,0.304,0.253,0.213,0.265,0.291,0.326,0.078,0.051,0.107,0.156,0.022,0.064,0.087,0.069,0.057,0.114,0.191,0.232,0.237,0.229,0.196,0.112,0.124,0.116,0.317,0.444,0.004,0.011,0.017,0.018,0.032,0.090,0.177,0.872,0.668,0.542,0.185,0.085,0.058,0.164,0.442,0.617,0.000,0.001,0.003,0.008,0.030,0.087,0.183,0.330,0.524,0.994,0.259,0.090,0.049,0.118,0.310,0.423,0.000,0.000,0.001,0.006,0.026,0.075,0.160,0.256,0.304,0.251,0.163,0.076,0.034,0.047,0.111,0.163,0.000,0.000,0.001,0.004,0.016,0.045,0.102,0.161,0.187,0.156,0.104,0.049,0.017,0.011,0.021,0.028,0.000,0.000,0.000,0.002,0.007,0.022,0.049,0.075,0.087,0.074,0.047,0.021,0.007,0.003,0.002,0.003,977.369,0.213,0.119,0.106,0.035,0.127,0.043,99,0.148,0.040,0.605,0.619,0.469,0.605,0.608,96.139,50.145,2,2,8
